ID,Acceptor ChainID,Acceptor Protein Type,Acceptor Protein ResID,Substrate ChainID,Substrate Protein Type,Substrate Protein ResID,#Frames,Fraction_Frames,Temperature (K)
6v9z Coarse Grain,A,A,14,C,S,18,1453,0.020180556,303.15
6v9z Coarse Grain,A,A,14,C,S,21,93,0.001291667,303.15
6v9z Coarse Grain,A,A,48,C,T,15,1,1.39E-05,303.15
6v9z Coarse Grain,A,A,62,C,N,1,24,0.000333333,303.15
6v9z Coarse Grain,A,A,67,C,N,1,2,2.78E-05,303.15
6v9z Coarse Grain,A,A,91,C,S,18,25,0.000347222,303.15
6v9z Coarse Grain,A,A,91,C,T,15,250,0.003472222,303.15
6v9z Coarse Grain,A,A,91,C,T,19,4,5.56E-05,303.15
6v9z Coarse Grain,A,A,335,C,Q,23,25,0.000347222,303.15
6v9z Coarse Grain,A,A,335,C,S,21,37,0.000513889,303.15
6v9z Coarse Grain,A,A,448,C,Q,23,1,1.39E-05,303.15
6v9z Coarse Grain,A,C,122,C,N,1,4,5.56E-05,303.15
6v9z Coarse Grain,A,D,10,C,Q,23,6,8.33E-05,303.15
6v9z Coarse Grain,A,D,10,C,S,21,4,5.56E-05,303.15
6v9z Coarse Grain,A,D,13,C,S,18,37,0.000513889,303.15
6v9z Coarse Grain,A,D,42,C,Q,23,773,0.010736111,303.15
6v9z Coarse Grain,A,D,71,C,N,1,202,0.002805556,303.15
6v9z Coarse Grain,A,D,71,C,R,4,60761,0.843902778,303.15
6v9z Coarse Grain,A,D,265,C,Q,23,225,0.003125,303.15
6v9z Coarse Grain,A,D,596,D,S,18,1,1.39E-05,303.15
6v9z Coarse Grain,A,D,596,D,T,19,14,0.000194444,303.15
6v9z Coarse Grain,A,D,606,D,T,19,4,5.56E-05,303.15
6v9z Coarse Grain,A,E,70,C,N,1,1,1.39E-05,303.15
6v9z Coarse Grain,A,E,70,C,R,4,2412,0.0335,303.15
6v9z Coarse Grain,A,E,133,C,N,1,6,8.33E-05,303.15
6v9z Coarse Grain,A,E,133,C,R,4,810,0.01125,303.15
6v9z Coarse Grain,A,E,258,C,Q,23,146,0.002027778,303.15
6v9z Coarse Grain,A,E,258,C,S,21,78,0.001083333,303.15
6v9z Coarse Grain,A,E,332,C,Q,23,73,0.001013889,303.15
6v9z Coarse Grain,A,E,332,C,S,18,54,0.00075,303.15
6v9z Coarse Grain,A,E,332,C,S,21,687,0.009541667,303.15
6v9z Coarse Grain,A,E,332,C,T,19,46,0.000638889,303.15
6v9z Coarse Grain,A,E,343,C,Q,23,149,0.002069444,303.15
6v9z Coarse Grain,A,E,343,C,S,21,169,0.002347222,303.15
6v9z Coarse Grain,A,E,599,D,S,18,185,0.002569444,303.15
6v9z Coarse Grain,A,E,599,D,T,15,189,0.002625,303.15
6v9z Coarse Grain,A,E,599,D,T,19,177,0.002458333,303.15
6v9z Coarse Grain,A,F,76,C,N,1,27,0.000375,303.15
6v9z Coarse Grain,A,F,93,C,S,18,157,0.002180556,303.15
6v9z Coarse Grain,A,F,93,C,T,15,188,0.002611111,303.15
6v9z Coarse Grain,A,F,251,C,Q,23,8,0.000111111,303.15
6v9z Coarse Grain,A,F,597,D,S,18,41,0.000569444,303.15
6v9z Coarse Grain,A,F,597,D,T,15,1,1.39E-05,303.15
6v9z Coarse Grain,A,F,597,D,T,19,124,0.001722222,303.15
6v9z Coarse Grain,A,F,608,D,S,18,98,0.001361111,303.15
6v9z Coarse Grain,A,F,608,D,T,19,179,0.002486111,303.15
6v9z Coarse Grain,A,G,45,C,S,18,141,0.001958333,303.15
6v9z Coarse Grain,A,G,45,C,T,15,59,0.000819444,303.15
6v9z Coarse Grain,A,G,45,C,T,19,28,0.000388889,303.15
6v9z Coarse Grain,A,G,110,C,Q,23,15,0.000208333,303.15
6v9z Coarse Grain,A,G,110,C,S,18,26,0.000361111,303.15
6v9z Coarse Grain,A,G,110,C,S,21,98,0.001361111,303.15
6v9z Coarse Grain,A,G,127,C,N,1,8,0.000111111,303.15
6v9z Coarse Grain,A,G,128,C,N,1,16,0.000222222,303.15
6v9z Coarse Grain,A,G,128,C,T,15,1,1.39E-05,303.15
6v9z Coarse Grain,A,G,135,C,N,1,2,2.78E-05,303.15
6v9z Coarse Grain,A,G,257,C,Q,23,32,0.000444444,303.15
6v9z Coarse Grain,A,G,257,C,S,21,1,1.39E-05,303.15
6v9z Coarse Grain,A,H,92,C,S,18,385,0.005347222,303.15
6v9z Coarse Grain,A,H,92,C,S,21,106,0.001472222,303.15
6v9z Coarse Grain,A,H,595,D,T,19,9,0.000125,303.15
6v9z Coarse Grain,A,I,85,C,T,15,20,0.000277778,303.15
6v9z Coarse Grain,A,K,56,C,D,8,69928,0.971222222,303.15
6v9z Coarse Grain,A,K,56,C,N,1,59,0.000819444,303.15
6v9z Coarse Grain,A,K,56,C,T,7,20,0.000277778,303.15
6v9z Coarse Grain,A,K,63,C,D,8,1998,0.02775,303.15
6v9z Coarse Grain,A,K,63,C,E,5,63553,0.882680556,303.15
6v9z Coarse Grain,A,K,63,C,N,1,1162,0.016138889,303.15
6v9z Coarse Grain,A,K,63,C,T,7,495,0.006875,303.15
6v9z Coarse Grain,A,K,66,C,E,5,402,0.005583333,303.15
6v9z Coarse Grain,A,K,66,C,E,10,71272,0.989888889,303.15
6v9z Coarse Grain,A,K,66,C,N,1,657,0.009125,303.15
6v9z Coarse Grain,A,K,66,C,T,7,2,2.78E-05,303.15
6v9z Coarse Grain,A,K,66,C,T,15,3,4.17E-05,303.15
6v9z Coarse Grain,A,K,69,C,N,1,36,0.0005,303.15
6v9z Coarse Grain,A,K,74,C,N,1,89,0.001236111,303.15
6v9z Coarse Grain,A,K,111,C,Q,23,6,8.33E-05,303.15
6v9z Coarse Grain,A,K,111,C,S,21,91,0.001263889,303.15
6v9z Coarse Grain,A,K,255,C,Q,23,53,0.000736111,303.15
6v9z Coarse Grain,A,K,255,C,S,21,546,0.007583333,303.15
6v9z Coarse Grain,A,K,255,C,T,19,20,0.000277778,303.15
6v9z Coarse Grain,A,K,268,C,Q,23,23,0.000319444,303.15
6v9z Coarse Grain,A,K,336,C,S,21,3,4.17E-05,303.15
6v9z Coarse Grain,A,K,336,C,T,19,21,0.000291667,303.15
6v9z Coarse Grain,A,K,346,C,Q,23,67,0.000930556,303.15
6v9z Coarse Grain,A,K,346,C,S,21,47,0.000652778,303.15
6v9z Coarse Grain,A,K,492,C,E,9,71979,0.999708333,303.15
6v9z Coarse Grain,A,K,492,C,N,1,21,0.000291667,303.15
6v9z Coarse Grain,A,K,492,C,T,7,4,5.56E-05,303.15
6v9z Coarse Grain,A,K,590,D,T,19,14,0.000194444,303.15
6v9z Coarse Grain,A,K,600,D,E,9,5841,0.081125,303.15
6v9z Coarse Grain,A,K,600,D,E,10,106,0.001472222,303.15
6v9z Coarse Grain,A,K,600,D,E,13,66050,0.917361111,303.15
6v9z Coarse Grain,A,K,600,D,N,1,17,0.000236111,303.15
6v9z Coarse Grain,A,K,600,D,S,18,344,0.004777778,303.15
6v9z Coarse Grain,A,K,600,D,T,15,1759,0.024430556,303.15
6v9z Coarse Grain,A,K,600,D,T,19,126,0.00175,303.15
6v9z Coarse Grain,A,K,604,D,N,1,13,0.000180556,303.15
6v9z Coarse Grain,A,K,604,D,S,18,652,0.009055556,303.15
6v9z Coarse Grain,A,K,604,D,T,15,89,0.001236111,303.15
6v9z Coarse Grain,A,K,604,D,T,19,34,0.000472222,303.15
6v9z Coarse Grain,A,L,11,C,Q,23,36,0.0005,303.15
6v9z Coarse Grain,A,L,11,C,S,18,162,0.00225,303.15
6v9z Coarse Grain,A,L,11,C,S,21,99,0.001375,303.15
6v9z Coarse Grain,A,L,11,C,T,19,251,0.003486111,303.15
6v9z Coarse Grain,A,L,72,C,N,1,1,1.39E-05,303.15
6v9z Coarse Grain,A,L,90,C,S,18,605,0.008402778,303.15
6v9z Coarse Grain,A,L,90,C,S,21,1276,0.017722222,303.15
6v9z Coarse Grain,A,L,90,C,T,19,139,0.001930556,303.15
6v9z Coarse Grain,A,L,129,C,N,1,2,2.78E-05,303.15
6v9z Coarse Grain,A,L,131,C,N,1,21,0.000291667,303.15
6v9z Coarse Grain,A,L,601,D,S,18,186,0.002583333,303.15
6v9z Coarse Grain,A,L,601,D,T,15,168,0.002333333,303.15
6v9z Coarse Grain,A,L,601,D,T,19,1156,0.016055556,303.15
6v9z Coarse Grain,A,L,603,D,N,1,5,6.94E-05,303.15
6v9z Coarse Grain,A,L,603,D,S,18,27,0.000375,303.15
6v9z Coarse Grain,A,L,603,D,T,15,10,0.000138889,303.15
6v9z Coarse Grain,A,L,603,D,T,19,131,0.001819444,303.15
6v9z Coarse Grain,A,L,609,D,S,18,15,0.000208333,303.15
6v9z Coarse Grain,A,L,609,D,T,19,246,0.003416667,303.15
6v9z Coarse Grain,A,L,616,D,T,19,16,0.000222222,303.15
6v9z Coarse Grain,A,M,264,C,Q,23,1,1.39E-05,303.15
6v9z Coarse Grain,A,M,331,C,Q,23,469,0.006513889,303.15
6v9z Coarse Grain,A,M,331,C,S,21,27,0.000375,303.15
6v9z Coarse Grain,A,N,47,C,E,9,119,0.001652778,303.15
6v9z Coarse Grain,A,N,47,C,E,13,116,0.001611111,303.15
6v9z Coarse Grain,A,N,47,C,G,16,27,0.000375,303.15
6v9z Coarse Grain,A,N,47,C,M,12,2369,0.032902778,303.15
6v9z Coarse Grain,A,N,47,C,M,14,65,0.000902778,303.15
6v9z Coarse Grain,A,N,47,C,T,15,10207,0.141763889,303.15
6v9z Coarse Grain,A,N,83,C,G,16,18,0.00025,303.15
6v9z Coarse Grain,A,N,83,C,L,11,1,1.39E-05,303.15
6v9z Coarse Grain,A,N,83,C,M,12,5,6.94E-05,303.15
6v9z Coarse Grain,A,N,83,C,M,14,432,0.006,303.15
6v9z Coarse Grain,A,N,83,C,N,1,3,4.17E-05,303.15
6v9z Coarse Grain,A,N,83,C,T,15,12846,0.178416667,303.15
6v9z Coarse Grain,A,N,88,C,T,15,57,0.000791667,303.15
6v9z Coarse Grain,A,N,252,C,I,22,1,1.39E-05,303.15
6v9z Coarse Grain,A,N,252,C,Q,23,1101,0.015291667,303.15
6v9z Coarse Grain,A,N,325,C,Q,23,207,0.002875,303.15
6v9z Coarse Grain,A,N,327,C,Q,23,17013,0.236291667,303.15
6v9z Coarse Grain,A,N,334,C,I,22,20,0.000277778,303.15
6v9z Coarse Grain,A,N,334,C,Q,23,647,0.008986111,303.15
6v9z Coarse Grain,A,N,334,C,S,21,4,5.56E-05,303.15
6v9z Coarse Grain,A,N,593,D,T,19,3,4.17E-05,303.15
6v9z Coarse Grain,A,N,610,D,G,17,2,2.78E-05,303.15
6v9z Coarse Grain,A,N,610,D,S,18,3117,0.043291667,303.15
6v9z Coarse Grain,A,N,610,D,T,19,10470,0.145416667,303.15
6v9z Coarse Grain,A,N,615,D,E,13,8,0.000111111,303.15
6v9z Coarse Grain,A,N,615,D,G,16,2,2.78E-05,303.15
6v9z Coarse Grain,A,N,615,D,G,17,12,0.000166667,303.15
6v9z Coarse Grain,A,N,615,D,S,18,1949,0.027069444,303.15
6v9z Coarse Grain,A,N,615,D,T,15,156,0.002166667,303.15
6v9z Coarse Grain,A,N,615,D,T,19,17687,0.245652778,303.15
6v9z Coarse Grain,A,P,602,D,N,1,2,2.78E-05,303.15
6v9z Coarse Grain,A,P,602,D,S,18,119,0.001652778,303.15
6v9z Coarse Grain,A,P,602,D,T,15,533,0.007402778,303.15
6v9z Coarse Grain,A,P,602,D,T,19,680,0.009444444,303.15
6v9z Coarse Grain,A,Q,8,C,I,22,39,0.000541667,303.15
6v9z Coarse Grain,A,Q,8,C,Q,23,493,0.006847222,303.15
6v9z Coarse Grain,A,Q,8,C,S,18,24385,0.338680556,303.15
6v9z Coarse Grain,A,Q,8,C,S,21,24567,0.341208333,303.15
6v9z Coarse Grain,A,Q,8,C,T,19,1,1.39E-05,303.15
6v9z Coarse Grain,A,Q,44,C,F,20,15,0.000208333,303.15
6v9z Coarse Grain,A,Q,44,C,G,16,32,0.000444444,303.15
6v9z Coarse Grain,A,Q,44,C,G,17,143,0.001986111,303.15
6v9z Coarse Grain,A,Q,44,C,I,22,97,0.001347222,303.15
6v9z Coarse Grain,A,Q,44,C,Q,23,2180,0.030277778,303.15
6v9z Coarse Grain,A,Q,44,C,S,18,61,0.000847222,303.15
6v9z Coarse Grain,A,Q,44,C,S,21,245,0.003402778,303.15
6v9z Coarse Grain,A,Q,44,C,T,15,161,0.002236111,303.15
6v9z Coarse Grain,A,Q,44,C,T,19,13208,0.183444444,303.15
6v9z Coarse Grain,A,Q,57,C,N,1,1,1.39E-05,303.15
6v9z Coarse Grain,A,Q,57,C,R,4,1,1.39E-05,303.15
6v9z Coarse Grain,A,Q,324,C,Q,23,1073,0.014902778,303.15
6v9z Coarse Grain,A,Q,329,C,Q,23,21,0.000291667,303.15
6v9z Coarse Grain,A,Q,443,C,Q,23,1,1.39E-05,303.15
6v9z Coarse Grain,A,R,7,C,Q,23,36840,0.511666667,303.15
6v9z Coarse Grain,A,R,7,C,S,21,14,0.000194444,303.15
6v9z Coarse Grain,A,R,77,C,N,1,96,0.001333333,303.15
6v9z Coarse Grain,A,R,89,C,S,18,10,0.000138889,303.15
6v9z Coarse Grain,A,R,89,C,S,21,108,0.0015,303.15
6v9z Coarse Grain,A,R,89,C,T,19,3,4.17E-05,303.15
6v9z Coarse Grain,A,R,328,C,Q,23,165,0.002291667,303.15
6v9z Coarse Grain,A,R,328,C,S,18,8,0.000111111,303.15
6v9z Coarse Grain,A,R,328,C,S,21,5844,0.081166667,303.15
6v9z Coarse Grain,A,R,328,C,T,19,7,9.72E-05,303.15
6v9z Coarse Grain,A,R,451,C,Q,23,19,0.000263889,303.15
6v9z Coarse Grain,A,R,451,C,S,21,10,0.000138889,303.15
6v9z Coarse Grain,A,R,491,C,Q,23,84,0.001166667,303.15
6v9z Coarse Grain,A,S,61,C,E,5,1,1.39E-05,303.15
6v9z Coarse Grain,A,S,61,C,I,2,15,0.000208333,303.15
6v9z Coarse Grain,A,S,61,C,N,1,2325,0.032291667,303.15
6v9z Coarse Grain,A,S,61,C,R,4,75,0.001041667,303.15
6v9z Coarse Grain,A,S,68,C,E,5,86,0.001194444,303.15
6v9z Coarse Grain,A,S,68,C,G,3,62,0.000861111,303.15
6v9z Coarse Grain,A,S,68,C,I,2,18,0.00025,303.15
6v9z Coarse Grain,A,S,68,C,N,1,521,0.007236111,303.15
6v9z Coarse Grain,A,S,68,C,R,4,4239,0.058875,303.15
6v9z Coarse Grain,A,S,261,C,I,22,7,9.72E-05,303.15
6v9z Coarse Grain,A,S,261,C,Q,23,1668,0.023166667,303.15
6v9z Coarse Grain,A,S,339,C,F,20,154,0.002138889,303.15
6v9z Coarse Grain,A,S,339,C,I,22,146,0.002027778,303.15
6v9z Coarse Grain,A,S,339,C,Q,23,1626,0.022583333,303.15
6v9z Coarse Grain,A,S,339,C,S,21,2062,0.028638889,303.15
6v9z Coarse Grain,A,S,516,C,Q,23,134,0.001861111,303.15
6v9z Coarse Grain,A,S,566,D,T,19,1,1.39E-05,303.15
6v9z Coarse Grain,A,S,617,D,S,18,61,0.000847222,303.15
6v9z Coarse Grain,A,S,617,D,T,19,64,0.000888889,303.15
6v9z Coarse Grain,A,T,12,C,F,20,145,0.002013889,303.15
6v9z Coarse Grain,A,T,12,C,G,17,104,0.001444444,303.15
6v9z Coarse Grain,A,T,12,C,I,22,1,1.39E-05,303.15
6v9z Coarse Grain,A,T,12,C,Q,23,82,0.001138889,303.15
6v9z Coarse Grain,A,T,12,C,S,18,5572,0.077388889,303.15
6v9z Coarse Grain,A,T,12,C,S,21,1309,0.018180556,303.15
6v9z Coarse Grain,A,T,12,C,T,19,22731,0.315708333,303.15
6v9z Coarse Grain,A,T,41,C,S,18,8,0.000111111,303.15
6v9z Coarse Grain,A,T,43,C,I,22,6,8.33E-05,303.15
6v9z Coarse Grain,A,T,43,C,Q,23,850,0.011805556,303.15
6v9z Coarse Grain,A,T,43,C,S,21,1035,0.014375,303.15
6v9z Coarse Grain,A,T,43,C,T,19,62,0.000861111,303.15
6v9z Coarse Grain,A,T,46,C,G,16,65,0.000902778,303.15
6v9z Coarse Grain,A,T,46,C,G,17,96,0.001333333,303.15
6v9z Coarse Grain,A,T,46,C,S,18,10638,0.14775,303.15
6v9z Coarse Grain,A,T,46,C,T,15,693,0.009625,303.15
6v9z Coarse Grain,A,T,126,C,G,16,6,8.33E-05,303.15
6v9z Coarse Grain,A,T,126,C,I,2,6,8.33E-05,303.15
6v9z Coarse Grain,A,T,126,C,M,14,145,0.002013889,303.15
6v9z Coarse Grain,A,T,126,C,N,1,656,0.009111111,303.15
6v9z Coarse Grain,A,T,126,C,T,15,3776,0.052444444,303.15
6v9z Coarse Grain,A,T,338,C,I,22,82,0.001138889,303.15
6v9z Coarse Grain,A,T,338,C,Q,23,929,0.012902778,303.15
6v9z Coarse Grain,A,T,338,C,S,21,402,0.005583333,303.15
6v9z Coarse Grain,A,T,444,C,Q,23,137,0.001902778,303.15
6v9z Coarse Grain,A,T,607,D,S,18,588,0.008166667,303.15
6v9z Coarse Grain,A,T,607,D,T,15,14,0.000194444,303.15
6v9z Coarse Grain,A,T,607,D,T,19,12441,0.172791667,303.15
6v9z Coarse Grain,A,V,65,C,N,1,17,0.000236111,303.15
6v9z Coarse Grain,A,V,86,C,S,18,13,0.000180556,303.15
6v9z Coarse Grain,A,V,86,C,S,21,59,0.000819444,303.15
6v9z Coarse Grain,A,V,256,C,Q,23,11,0.000152778,303.15
6v9z Coarse Grain,A,V,342,C,Q,23,33,0.000458333,303.15
6v9z Coarse Grain,A,V,447,C,Q,23,38,0.000527778,303.15
6v9z Coarse Grain,A,Y,9,C,Q,23,55,0.000763889,303.15
6v9z Coarse Grain,A,Y,49,C,N,1,1,1.39E-05,303.15
6v9z Coarse Grain,A,Y,49,C,T,7,1,1.39E-05,303.15
6v9z Coarse Grain,A,Y,488,C,Q,23,14,0.000194444,303.15
6v9z Coarse Grain,A,Y,605,D,T,19,1,1.39E-05,303.15
6v9z Coarse Grain,B,A,48,D,S,18,1,1.39E-05,303.15
6v9z Coarse Grain,B,A,48,D,T,19,10,0.000138889,303.15
6v9z Coarse Grain,B,A,62,D,N,1,6,8.33E-05,303.15
6v9z Coarse Grain,B,A,67,D,N,1,13,0.000180556,303.15
6v9z Coarse Grain,B,A,67,D,S,18,9,0.000125,303.15
6v9z Coarse Grain,B,A,67,D,T,15,3,4.17E-05,303.15
6v9z Coarse Grain,B,A,67,D,T,19,31,0.000430556,303.15
6v9z Coarse Grain,B,A,91,D,S,18,72,0.001,303.15
6v9z Coarse Grain,B,A,91,D,T,15,117,0.001625,303.15
6v9z Coarse Grain,B,A,91,D,T,19,127,0.001763889,303.15
6v9z Coarse Grain,B,A,614,C,Q,23,1,1.39E-05,303.15
6v9z Coarse Grain,B,A,614,C,S,21,4,5.56E-05,303.15
6v9z Coarse Grain,B,A,614,C,T,19,44,0.000611111,303.15
6v9z Coarse Grain,B,C,122,D,N,1,7,9.72E-05,303.15
6v9z Coarse Grain,B,C,122,D,S,18,25,0.000347222,303.15
6v9z Coarse Grain,B,C,122,D,T,19,69,0.000958333,303.15
6v9z Coarse Grain,B,D,42,D,T,19,261,0.003625,303.15
6v9z Coarse Grain,B,D,71,D,N,1,3,4.17E-05,303.15
6v9z Coarse Grain,B,D,71,D,R,4,71661,0.995291667,303.15
6v9z Coarse Grain,B,D,75,D,N,1,203,0.002819444,303.15
6v9z Coarse Grain,B,D,87,D,N,1,2,2.78E-05,303.15
6v9z Coarse Grain,B,D,561,C,Q,23,9,0.000125,303.15
6v9z Coarse Grain,B,E,70,D,N,1,87,0.001208333,303.15
6v9z Coarse Grain,B,E,70,D,R,4,337,0.004680556,303.15
6v9z Coarse Grain,B,E,70,D,T,19,1,1.39E-05,303.15
6v9z Coarse Grain,B,E,133,D,N,1,14,0.000194444,303.15
6v9z Coarse Grain,B,E,611,C,Q,23,1043,0.014486111,303.15
6v9z Coarse Grain,B,E,611,C,S,21,5140,0.071388889,303.15
6v9z Coarse Grain,B,E,611,C,T,19,14183,0.196986111,303.15
6v9z Coarse Grain,B,E,618,C,Q,23,38,0.000527778,303.15
6v9z Coarse Grain,B,F,76,D,N,1,1,1.39E-05,303.15
6v9z Coarse Grain,B,F,93,D,S,18,22,0.000305556,303.15
6v9z Coarse Grain,B,F,93,D,T,19,5,6.94E-05,303.15
6v9z Coarse Grain,B,F,597,C,T,15,20,0.000277778,303.15
6v9z Coarse Grain,B,F,608,C,S,18,1,1.39E-05,303.15
6v9z Coarse Grain,B,F,608,C,T,19,43,0.000597222,303.15
6v9z Coarse Grain,B,G,45,D,S,18,220,0.003055556,303.15
6v9z Coarse Grain,B,G,45,D,T,15,44,0.000611111,303.15
6v9z Coarse Grain,B,G,45,D,T,19,6,8.33E-05,303.15
6v9z Coarse Grain,B,G,64,D,T,7,3,4.17E-05,303.15
6v9z Coarse Grain,B,G,127,D,N,1,46,0.000638889,303.15
6v9z Coarse Grain,B,G,127,D,S,18,20,0.000277778,303.15
6v9z Coarse Grain,B,G,127,D,T,15,56,0.000777778,303.15
6v9z Coarse Grain,B,G,127,D,T,19,78,0.001083333,303.15
6v9z Coarse Grain,B,G,128,D,N,1,74,0.001027778,303.15
6v9z Coarse Grain,B,G,128,D,T,15,5,6.94E-05,303.15
6v9z Coarse Grain,B,G,128,D,T,19,7,9.72E-05,303.15
6v9z Coarse Grain,B,H,92,D,S,18,19,0.000263889,303.15
6v9z Coarse Grain,B,I,85,D,N,1,6,8.33E-05,303.15
6v9z Coarse Grain,B,I,85,D,S,18,2,2.78E-05,303.15
6v9z Coarse Grain,B,I,85,D,T,15,6,8.33E-05,303.15
6v9z Coarse Grain,B,I,85,D,T,19,76,0.001055556,303.15
6v9z Coarse Grain,B,I,124,D,N,1,12,0.000166667,303.15
6v9z Coarse Grain,B,I,124,D,T,19,35,0.000486111,303.15
6v9z Coarse Grain,B,I,260,C,Q,23,1,1.39E-05,303.15
6v9z Coarse Grain,B,K,56,D,D,8,49425,0.686458333,303.15
6v9z Coarse Grain,B,K,56,D,N,1,11,0.000152778,303.15
6v9z Coarse Grain,B,K,56,D,T,7,10,0.000138889,303.15
6v9z Coarse Grain,B,K,63,D,D,8,7165,0.099513889,303.15
6v9z Coarse Grain,B,K,63,D,E,5,64826,0.900361111,303.15
6v9z Coarse Grain,B,K,63,D,N,1,410,0.005694444,303.15
6v9z Coarse Grain,B,K,63,D,T,7,228,0.003166667,303.15
6v9z Coarse Grain,B,K,66,D,E,5,1750,0.024305556,303.15
6v9z Coarse Grain,B,K,66,D,E,10,68297,0.948569444,303.15
6v9z Coarse Grain,B,K,66,D,E,13,1960,0.027222222,303.15
6v9z Coarse Grain,B,K,66,D,N,1,1507,0.020930556,303.15
6v9z Coarse Grain,B,K,66,D,S,18,136,0.001888889,303.15
6v9z Coarse Grain,B,K,66,D,T,7,186,0.002583333,303.15
6v9z Coarse Grain,B,K,66,D,T,15,130,0.001805556,303.15
6v9z Coarse Grain,B,K,66,D,T,19,58,0.000805556,303.15
6v9z Coarse Grain,B,K,69,D,N,1,66,0.000916667,303.15
6v9z Coarse Grain,B,K,69,D,S,18,282,0.003916667,303.15
6v9z Coarse Grain,B,K,69,D,T,15,2,2.78E-05,303.15
6v9z Coarse Grain,B,K,69,D,T,19,517,0.007180556,303.15
6v9z Coarse Grain,B,K,74,D,N,1,20,0.000277778,303.15
6v9z Coarse Grain,B,K,492,D,D,8,6599,0.091652778,303.15
6v9z Coarse Grain,B,K,492,D,E,9,58373,0.810736111,303.15
6v9z Coarse Grain,B,K,492,D,N,1,2,2.78E-05,303.15
6v9z Coarse Grain,B,K,492,D,S,18,5,6.94E-05,303.15
6v9z Coarse Grain,B,K,492,D,T,19,87,0.001208333,303.15
6v9z Coarse Grain,B,K,600,C,E,13,71988,0.999833333,303.15
6v9z Coarse Grain,B,K,600,C,N,1,32,0.000444444,303.15
6v9z Coarse Grain,B,K,600,C,T,15,3061,0.042513889,303.15
6v9z Coarse Grain,B,K,604,C,T,15,1,1.39E-05,303.15
6v9z Coarse Grain,B,K,621,C,Q,23,1,1.39E-05,303.15
6v9z Coarse Grain,B,L,11,D,S,18,9,0.000125,303.15
6v9z Coarse Grain,B,L,73,D,N,1,3,4.17E-05,303.15
6v9z Coarse Grain,B,L,90,D,N,1,1,1.39E-05,303.15
6v9z Coarse Grain,B,L,90,D,S,18,275,0.003819444,303.15
6v9z Coarse Grain,B,L,90,D,T,15,89,0.001236111,303.15
6v9z Coarse Grain,B,L,90,D,T,19,432,0.006,303.15
6v9z Coarse Grain,B,L,131,D,N,1,4,5.56E-05,303.15
6v9z Coarse Grain,B,L,601,C,T,15,29,0.000402778,303.15
6v9z Coarse Grain,B,N,47,D,D,8,3,4.17E-05,303.15
6v9z Coarse Grain,B,N,47,D,E,9,28,0.000388889,303.15
6v9z Coarse Grain,B,N,47,D,E,13,3013,0.041847222,303.15
6v9z Coarse Grain,B,N,47,D,G,16,29,0.000402778,303.15
6v9z Coarse Grain,B,N,47,D,G,17,7,9.72E-05,303.15
6v9z Coarse Grain,B,N,47,D,L,11,39,0.000541667,303.15
6v9z Coarse Grain,B,N,47,D,M,12,1787,0.024819444,303.15
6v9z Coarse Grain,B,N,47,D,M,14,67,0.000930556,303.15
6v9z Coarse Grain,B,N,47,D,S,18,2018,0.028027778,303.15
6v9z Coarse Grain,B,N,47,D,T,15,11029,0.153180556,303.15
6v9z Coarse Grain,B,N,47,D,T,19,2859,0.039708333,303.15
6v9z Coarse Grain,B,N,83,D,E,13,1,1.39E-05,303.15
6v9z Coarse Grain,B,N,83,D,G,16,15,0.000208333,303.15
6v9z Coarse Grain,B,N,83,D,G,17,5,6.94E-05,303.15
6v9z Coarse Grain,B,N,83,D,M,12,1,1.39E-05,303.15
6v9z Coarse Grain,B,N,83,D,M,14,924,0.012833333,303.15
6v9z Coarse Grain,B,N,83,D,N,1,79,0.001097222,303.15
6v9z Coarse Grain,B,N,83,D,S,18,856,0.011888889,303.15
6v9z Coarse Grain,B,N,83,D,T,15,1073,0.014902778,303.15
6v9z Coarse Grain,B,N,83,D,T,19,668,0.009277778,303.15
6v9z Coarse Grain,B,N,88,D,I,2,3,4.17E-05,303.15
6v9z Coarse Grain,B,N,88,D,N,1,429,0.005958333,303.15
6v9z Coarse Grain,B,N,88,D,S,18,14,0.000194444,303.15
6v9z Coarse Grain,B,N,88,D,T,19,1455,0.020208333,303.15
6v9z Coarse Grain,B,N,610,C,F,20,549,0.007625,303.15
6v9z Coarse Grain,B,N,610,C,G,17,6,8.33E-05,303.15
6v9z Coarse Grain,B,N,610,C,I,22,1,1.39E-05,303.15
6v9z Coarse Grain,B,N,610,C,S,18,89,0.001236111,303.15
6v9z Coarse Grain,B,N,610,C,S,21,124,0.001722222,303.15
6v9z Coarse Grain,B,N,610,C,T,19,37093,0.515180556,303.15
6v9z Coarse Grain,B,N,615,C,G,16,27,0.000375,303.15
6v9z Coarse Grain,B,N,615,C,G,17,24,0.000333333,303.15
6v9z Coarse Grain,B,N,615,C,I,22,7,9.72E-05,303.15
6v9z Coarse Grain,B,N,615,C,Q,23,58,0.000805556,303.15
6v9z Coarse Grain,B,N,615,C,S,21,1,1.39E-05,303.15
6v9z Coarse Grain,B,N,615,C,T,15,2863,0.039763889,303.15
6v9z Coarse Grain,B,N,615,C,T,19,1412,0.019611111,303.15
6v9z Coarse Grain,B,P,602,C,T,15,248,0.003444444,303.15
6v9z Coarse Grain,B,Q,44,D,E,13,3,4.17E-05,303.15
6v9z Coarse Grain,B,Q,44,D,G,16,1,1.39E-05,303.15
6v9z Coarse Grain,B,Q,44,D,G,17,26,0.000361111,303.15
6v9z Coarse Grain,B,Q,44,D,S,18,2587,0.035930556,303.15
6v9z Coarse Grain,B,Q,44,D,T,15,157,0.002180556,303.15
6v9z Coarse Grain,B,Q,44,D,T,19,4809,0.066791667,303.15
6v9z Coarse Grain,B,R,77,D,N,1,145,0.002013889,303.15
6v9z Coarse Grain,B,R,89,D,T,19,34,0.000472222,303.15
6v9z Coarse Grain,B,R,491,D,S,18,8,0.000111111,303.15
6v9z Coarse Grain,B,R,491,D,T,19,105,0.001458333,303.15
6v9z Coarse Grain,B,S,61,D,E,5,1,1.39E-05,303.15
6v9z Coarse Grain,B,S,61,D,I,2,6,8.33E-05,303.15
6v9z Coarse Grain,B,S,61,D,N,1,729,0.010125,303.15
6v9z Coarse Grain,B,S,68,D,E,5,84,0.001166667,303.15
6v9z Coarse Grain,B,S,68,D,G,3,218,0.003027778,303.15
6v9z Coarse Grain,B,S,68,D,G,16,12,0.000166667,303.15
6v9z Coarse Grain,B,S,68,D,G,17,5,6.94E-05,303.15
6v9z Coarse Grain,B,S,68,D,I,2,83,0.001152778,303.15
6v9z Coarse Grain,B,S,68,D,L,6,1,1.39E-05,303.15
6v9z Coarse Grain,B,S,68,D,N,1,1500,0.020833333,303.15
6v9z Coarse Grain,B,S,68,D,R,4,4764,0.066166667,303.15
6v9z Coarse Grain,B,S,68,D,S,18,338,0.004694444,303.15
6v9z Coarse Grain,B,S,68,D,T,15,15,0.000208333,303.15
6v9z Coarse Grain,B,S,68,D,T,19,946,0.013138889,303.15
6v9z Coarse Grain,B,S,123,D,I,2,6,8.33E-05,303.15
6v9z Coarse Grain,B,S,123,D,N,1,386,0.005361111,303.15
6v9z Coarse Grain,B,S,123,D,S,18,50,0.000694444,303.15
6v9z Coarse Grain,B,S,123,D,T,19,766,0.010638889,303.15
6v9z Coarse Grain,B,S,261,C,Q,23,5,6.94E-05,303.15
6v9z Coarse Grain,B,S,516,D,T,19,1,1.39E-05,303.15
6v9z Coarse Grain,B,S,566,C,F,20,196,0.002722222,303.15
6v9z Coarse Grain,B,S,566,C,I,22,4,5.56E-05,303.15
6v9z Coarse Grain,B,S,612,C,I,22,44,0.000611111,303.15
6v9z Coarse Grain,B,S,612,C,Q,23,76,0.001055556,303.15
6v9z Coarse Grain,B,S,612,C,S,21,623,0.008652778,303.15
6v9z Coarse Grain,B,S,617,C,Q,23,67,0.000930556,303.15
6v9z Coarse Grain,B,T,12,D,G,16,1,1.39E-05,303.15
6v9z Coarse Grain,B,T,12,D,G,17,215,0.002986111,303.15
6v9z Coarse Grain,B,T,12,D,S,18,5634,0.07825,303.15
6v9z Coarse Grain,B,T,12,D,T,19,54,0.00075,303.15
6v9z Coarse Grain,B,T,46,D,G,16,200,0.002777778,303.15
6v9z Coarse Grain,B,T,46,D,G,17,29,0.000402778,303.15
6v9z Coarse Grain,B,T,46,D,S,18,54,0.00075,303.15
6v9z Coarse Grain,B,T,46,D,T,15,160,0.002222222,303.15
6v9z Coarse Grain,B,T,46,D,T,19,8,0.000111111,303.15
6v9z Coarse Grain,B,T,126,D,E,5,277,0.003847222,303.15
6v9z Coarse Grain,B,T,126,D,E,10,3,4.17E-05,303.15
6v9z Coarse Grain,B,T,126,D,E,13,107,0.001486111,303.15
6v9z Coarse Grain,B,T,126,D,G,3,1,1.39E-05,303.15
6v9z Coarse Grain,B,T,126,D,G,16,11,0.000152778,303.15
6v9z Coarse Grain,B,T,126,D,G,17,26,0.000361111,303.15
6v9z Coarse Grain,B,T,126,D,I,2,50,0.000694444,303.15
6v9z Coarse Grain,B,T,126,D,M,14,74,0.001027778,303.15
6v9z Coarse Grain,B,T,126,D,N,1,2156,0.029944444,303.15
6v9z Coarse Grain,B,T,126,D,S,18,1280,0.017777778,303.15
6v9z Coarse Grain,B,T,126,D,T,15,2592,0.036,303.15
6v9z Coarse Grain,B,T,126,D,T,19,2743,0.038097222,303.15
6v9z Coarse Grain,B,T,338,C,Q,23,8,0.000111111,303.15
6v9z Coarse Grain,B,V,65,D,N,1,10,0.000138889,303.15
6v9z Coarse Grain,B,V,65,D,T,7,4,5.56E-05,303.15
6v9z Coarse Grain,B,V,65,D,T,19,2,2.78E-05,303.15
6v9z Coarse Grain,B,V,86,D,S,18,6,8.33E-05,303.15
6v9z Coarse Grain,B,V,494,D,T,19,3,4.17E-05,303.15
6v9z Coarse Grain,B,W,125,D,N,1,3,4.17E-05,303.15
6v9z Coarse Grain,B,W,125,D,S,18,16,0.000222222,303.15
6v9z Coarse Grain,B,W,125,D,T,19,137,0.001902778,303.15
6v9z Coarse Grain,B,Y,49,D,T,19,14,0.000194444,303.15
6v9z Coarse Grain,B,Y,488,D,T,19,1,1.39E-05,303.15